mechanism,method,repetitions,coverage,finite_rate,median_finite_width,median_finite_rank,certificate_validity,mean_certificate_excess
adversarial,local_uncorrected,4000,0.8795,1.0,3.1080213631972775,91.0,0.99125,12.34
adversarial,global_rate_plugin,4000,0.8935,1.0,3.2107633647063287,92.0,0.99125,12.34
adversarial,cglcp_certified,4000,0.9415,1.0,3.7698981318123415,96.0,0.99125,12.34
adversarial,oracle_local_alpha,4000,0.905,1.0,3.33722418230439,93.0,0.99125,12.34
adversarial,oracle_certificate_budget,4000,0.932,1.0,3.623179080348339,95.0,0.99125,12.34
adversarial,oracle_safe,4000,0.905,1.0,3.33722418230439,73.0,0.99125,12.34
benign,local_uncorrected,4000,0.89725,1.0,3.3303103658055493,91.0,0.9905,12.39525
benign,global_rate_plugin,4000,0.90625,1.0,3.4360616544654228,92.0,0.9905,12.39525
benign,cglcp_certified,4000,0.94775,1.0,3.9592992114368517,96.0,0.9905,12.39525
benign,oracle_local_alpha,4000,0.91675,1.0,3.5531522281122645,93.0,0.9905,12.39525
benign,oracle_certificate_budget,4000,0.93675,1.0,3.811937027633409,95.0,0.9905,12.39525
benign,oracle_safe,4000,0.897,1.0,3.338454456757766,73.0,0.9905,12.39525
moderate,local_uncorrected,4000,0.87925,1.0,3.1177193269828276,91.0,0.99,12.34725
moderate,global_rate_plugin,4000,0.8935,1.0,3.222309481220041,92.0,0.99,12.34725
moderate,cglcp_certified,4000,0.93775,1.0,3.7732594715499492,96.0,0.99,12.34725
moderate,oracle_local_alpha,4000,0.90575,1.0,3.35138638151329,93.0,0.99,12.34725
moderate,oracle_certificate_budget,4000,0.92725,1.0,3.6188599472364475,95.0,0.99,12.34725
moderate,oracle_safe,4000,0.90575,1.0,3.3498752628625432,73.0,0.99,12.34725
severe,local_uncorrected,4000,0.87225,1.0,3.1080242517726813,91.0,0.9905,12.31175
severe,global_rate_plugin,4000,0.8845,1.0,3.216824935427724,92.0,0.9905,12.31175
severe,cglcp_certified,4000,0.93175,1.0,3.7620865876247143,96.0,0.9905,12.31175
severe,oracle_local_alpha,4000,0.89775,1.0,3.338680964577415,93.0,0.9905,12.31175
severe,oracle_certificate_budget,4000,0.92225,1.0,3.6148359499545766,95.0,0.9905,12.31175
severe,oracle_safe,4000,0.89775,1.0,3.338680964577415,73.0,0.9905,12.31175
