local_contamination,method,method_label,repetitions,coverage,coverage_ci95_lower,coverage_ci95_upper,finite_conditional_coverage,finite_conditional_coverage_ci95_lower,finite_conditional_coverage_ci95_upper,finite_rate,finite_rate_ci95_lower,finite_rate_ci95_upper,median_finite_width,reference_bound_success
0.016666666666666666,pooled_cp,Pooled CP,800,0.8275,0.799769976003393,0.8520998600818894,0.8275,0.799769976003393,0.8520998600818894,1.0,0.995221123794324,1.0,2.661854082747762,nan
0.016666666666666666,global_rate_plugin,Global-rate plug-in,800,0.92,0.899131433777728,0.9368543102095043,0.92,0.899131433777728,0.9368543102095043,1.0,0.995221123794324,1.0,3.504322668324181,1.0
0.016666666666666666,graph_lcp,GraphLCP,800,0.83375,0.806368457108851,0.8579416430238602,0.83375,0.806368457108851,0.8579416430238602,1.0,0.995221123794324,1.0,2.6898308318800757,nan
0.016666666666666666,pcs_sc_corrected,PCS Corrected,800,1.0,0.995221123794324,1.0,nan,nan,nan,0.0,4.336808689942018e-19,0.004778876205676033,nan,1.0
0.016666666666666666,localized_pcs_sc_corrected,Localized PCS Corrected,800,0.92,0.899131433777728,0.9368543102095043,0.92,0.899131433777728,0.9368543102095043,1.0,0.995221123794324,1.0,3.504322668324181,1.0
0.016666666666666666,cglcp,CGLCP,800,0.935,0.9157526811345087,0.9500896965665533,0.935,0.9157526811345087,0.9500896965665533,1.0,0.995221123794324,1.0,3.7156070694949705,1.0
0.016666666666666666,oracle_local_rho,Oracle local ($\rho$),800,0.935,0.9157526811345087,0.9500896965665533,0.935,0.9157526811345087,0.9500896965665533,1.0,0.995221123794324,1.0,3.7156070694949705,1.0
0.05,pooled_cp,Pooled CP,800,0.80375,0.7748046422648461,0.8297921904402056,0.80375,0.7748046422648461,0.8297921904402056,1.0,0.995221123794324,1.0,2.66014291897471,nan
0.05,global_rate_plugin,Global-rate plug-in,800,0.90625,0.8840653874194213,0.9245517756634669,0.90625,0.8840653874194213,0.9245517756634669,1.0,0.995221123794324,1.0,3.510628418184586,1.0
0.05,graph_lcp,GraphLCP,800,0.82,0.7918681149314573,0.8450734042969101,0.82,0.7918681149314573,0.8450734042969101,1.0,0.995221123794324,1.0,2.6902159964641994,nan
0.05,pcs_sc_corrected,PCS Corrected,800,1.0,0.995221123794324,1.0,nan,nan,nan,0.0,4.336808689942018e-19,0.004778876205676033,nan,1.0
0.05,localized_pcs_sc_corrected,Localized PCS Corrected,800,0.97125,0.9572287422275642,0.9807671669485861,0.97125,0.9572287422275642,0.9807671669485861,1.0,0.995221123794324,1.0,4.366993201475843,1.0
0.05,cglcp,CGLCP,800,0.925,0.9046479626650762,0.9412899925600994,0.925,0.9046479626650762,0.9412899925600994,1.0,0.995221123794324,1.0,3.754285041585232,1.0
0.05,oracle_local_rho,Oracle local ($\rho$),800,0.9225,0.9018869353070234,0.9390749142991806,0.9225,0.9018869353070234,0.9390749142991806,1.0,0.995221123794324,1.0,3.7188217326184105,1.0
0.1,pooled_cp,Pooled CP,800,0.815,0.7866096930224873,0.8403796149679368,0.815,0.7866096930224873,0.8403796149679368,1.0,0.995221123794324,1.0,2.658887514174845,nan
0.1,global_rate_plugin,Global-rate plug-in,800,0.8975,0.874547244079434,0.9166535493370536,0.8975,0.874547244079434,0.9166535493370536,1.0,0.995221123794324,1.0,3.415226421735481,1.0
0.1,graph_lcp,GraphLCP,800,0.825,0.797134083552032,0.8497596469142785,0.825,0.797134083552032,0.8497596469142785,1.0,0.995221123794324,1.0,2.681237736432848,nan
0.1,pcs_sc_corrected,PCS Corrected,800,1.0,0.995221123794324,1.0,nan,nan,nan,0.0,4.336808689942018e-19,0.004778876205676033,nan,1.0
0.1,localized_pcs_sc_corrected,Localized PCS Corrected,800,1.0,0.995221123794324,1.0,nan,nan,nan,0.0,4.336808689942018e-19,0.004778876205676033,nan,1.0
0.1,cglcp,CGLCP,800,0.94125,0.9227489166931864,0.9555337250553047,0.94125,0.9227489166931864,0.9555337250553047,1.0,0.995221123794324,1.0,3.8477064865415187,0.99375
0.1,oracle_local_rho,Oracle local ($\rho$),800,0.92125,0.9005085087242237,0.9379652880724942,0.92125,0.9005085087242237,0.9379652880724942,1.0,0.995221123794324,1.0,3.6335356478259717,1.0
0.2,pooled_cp,Pooled CP,800,0.81625,0.7879236041397941,0.8415537566601159,0.81625,0.7879236041397941,0.8415537566601159,1.0,0.995221123794324,1.0,2.6605206384418123,nan
0.2,global_rate_plugin,Global-rate plug-in,800,0.895,0.8718365798235254,0.9143881079739907,0.895,0.8718365798235254,0.9143881079739907,1.0,0.995221123794324,1.0,3.3350109730508803,0.0
0.2,graph_lcp,GraphLCP,800,0.82,0.7918681149314573,0.8450734042969101,0.82,0.7918681149314573,0.8450734042969101,1.0,0.995221123794324,1.0,2.6989870866280095,nan
0.2,pcs_sc_corrected,PCS Corrected,800,1.0,0.995221123794324,1.0,nan,nan,nan,0.0,4.336808689942018e-19,0.004778876205676033,nan,1.0
0.2,localized_pcs_sc_corrected,Localized PCS Corrected,800,1.0,0.995221123794324,1.0,nan,nan,nan,0.0,4.336808689942018e-19,0.004778876205676033,nan,1.0
0.2,cglcp,CGLCP,800,0.93625,0.917148222748839,0.9511822077617087,0.93625,0.917148222748839,0.9511822077617087,1.0,0.995221123794324,1.0,3.9040370797286377,0.98875
0.2,oracle_local_rho,Oracle local ($\rho$),800,0.91125,0.8895274960468639,0.9290418782739677,0.91125,0.8895274960468639,0.9290418782739677,1.0,0.995221123794324,1.0,3.575170961791483,1.0
0.25,pooled_cp,Pooled CP,800,0.80625,0.7774249148421484,0.8321480234818752,0.80625,0.7774249148421484,0.8321480234818752,1.0,0.995221123794324,1.0,2.6605689748353187,nan
0.25,global_rate_plugin,Global-rate plug-in,800,0.87125,0.8462549333709967,0.892696751046289,0.87125,0.8462549333709967,0.892696751046289,1.0,0.995221123794324,1.0,3.2403887307760666,0.0
0.25,graph_lcp,GraphLCP,800,0.815,0.7866096930224873,0.8403796149679368,0.815,0.7866096930224873,0.8403796149679368,1.0,0.995221123794324,1.0,2.696242188499338,nan
0.25,pcs_sc_corrected,PCS Corrected,800,1.0,0.995221123794324,1.0,nan,nan,nan,0.0,4.336808689942018e-19,0.004778876205676033,nan,1.0
0.25,localized_pcs_sc_corrected,Localized PCS Corrected,800,1.0,0.995221123794324,1.0,nan,nan,nan,0.0,4.336808689942018e-19,0.004778876205676033,nan,1.0
0.25,cglcp,CGLCP,800,0.9275,0.907414766663006,0.943499294181141,0.9275,0.907414766663006,0.943499294181141,1.0,0.995221123794324,1.0,3.8747390647313007,0.995
0.25,oracle_local_rho,Oracle local ($\rho$),800,0.92,0.899131433777728,0.9368543102095043,0.92,0.899131433777728,0.9368543102095043,1.0,0.995221123794324,1.0,3.779052276522785,1.0
0.4,pooled_cp,Pooled CP,800,0.82,0.7918681149314573,0.8450734042969101,0.82,0.7918681149314573,0.8450734042969101,1.0,0.995221123794324,1.0,2.6574382516215755,nan
0.4,global_rate_plugin,Global-rate plug-in,800,0.8775,0.8529593554620958,0.8984325930026187,0.8775,0.8529593554620958,0.8984325930026187,1.0,0.995221123794324,1.0,3.0421642413627894,0.0
0.4,graph_lcp,GraphLCP,800,0.82875,0.8010886636124466,0.8532692252823215,0.82875,0.8010886636124466,0.8532692252823215,1.0,0.995221123794324,1.0,2.690287875273831,nan
0.4,pcs_sc_corrected,PCS Corrected,800,1.0,0.995221123794324,1.0,nan,nan,nan,0.0,4.336808689942018e-19,0.004778876205676033,nan,1.0
0.4,localized_pcs_sc_corrected,Localized PCS Corrected,800,1.0,0.995221123794324,1.0,nan,nan,nan,0.0,4.336808689942018e-19,0.004778876205676033,nan,1.0
0.4,cglcp,CGLCP,800,0.94875,0.9312118326415617,0.9619991259638441,0.94875,0.9312118326415617,0.9619991259638441,1.0,0.995221123794324,1.0,4.054125635324556,0.9825
0.4,oracle_local_rho,Oracle local ($\rho$),800,0.92375,0.903266743051205,0.9401831593644846,0.92375,0.903266743051205,0.9401831593644846,1.0,0.995221123794324,1.0,3.5668112514779127,1.0
